0.000000,10.000000,0.000000
0.015625,10.000000,-0.051473
0.031250,9.999189,-0.101752
0.046875,9.997587,-0.150859
0.062500,9.995212,-0.198820
0.078125,9.992081,-0.245655
0.093750,9.988212,-0.291387
0.109375,9.983624,-0.336038
0.125000,9.978332,-0.379629
0.140625,9.972354,-0.422182
0.156250,9.965706,-0.463717
0.171875,9.958404,-0.504253
0.187500,9.950463,-0.543812
0.203125,9.941900,-0.582411
0.218750,9.932729,-0.620071
0.234375,9.922964,-0.656810
0.250000,9.912622,-0.692646
0.265625,9.901714,-0.727598
0.281250,9.890257,-0.761682
0.296875,9.878263,-0.794916
0.312500,9.865745,-0.827318
0.328125,9.852717,-0.858903
0.343750,9.839192,-0.889688
0.359375,9.825182,-0.919690
0.375000,9.810700,-0.948923
0.390625,9.795757,-0.977403
0.406250,9.780366,-1.005145
0.421875,9.764538,-1.032165
0.437500,9.748284,-1.058476
0.453125,9.731616,-1.084093
0.468750,9.714545,-1.109030
0.484375,9.697081,-1.133300
0.500000,9.679235,-1.156917
0.515625,9.661017,-1.179894
0.531250,9.642437,-1.202245
0.546875,9.623505,-1.223981
0.562500,9.604231,-1.245115
0.578125,9.584624,-1.265660
0.593750,9.564693,-1.285627
0.609375,9.544449,-1.305029
0.625000,9.523898,-1.323875
0.640625,9.503051,-1.342179
0.656250,9.481916,-1.359951
0.671875,9.460500,-1.377202
0.687500,9.438814,-1.393942
0.703125,9.416863,-1.410182
0.718750,9.394657,-1.425932
0.734375,9.372203,-1.441202
0.750000,9.349508,-1.456003
0.765625,9.326580,-1.470343
0.781250,9.303426,-1.484233
0.796875,9.280054,-1.497681
0.812500,9.256470,-1.510696
0.828125,9.232681,-1.523289
0.843750,9.208694,-1.535466
0.859375,9.184515,-1.547238
0.875000,9.160150,-1.558612
0.890625,9.135607,-1.569597
0.906250,9.110890,-1.580200
0.921875,9.086006,-1.590431
0.937500,9.060962,-1.600295
0.953125,9.035762,-1.609802
0.968750,9.010412,-1.618959
0.984375,8.984918,-1.627773
1.000000,8.959286,-1.636251
1.015625,8.933520,-1.644400
1.031250,8.907625,-1.652228
1.046875,8.881607,-1.659740
1.062500,8.855471,-1.666945
1.078125,8.829222,-1.673847
1.093750,8.802864,-1.680455
1.109375,8.776401,-1.686773
1.125000,8.749840,-1.692809
1.140625,8.723183,-1.698568
1.156250,8.696435,-1.704056
1.171875,8.669601,-1.709279
1.187500,8.642685,-1.714243
1.203125,8.615691,-1.718953
1.218750,8.588623,-1.723414
1.234375,8.561484,-1.727633
1.250000,8.534279,-1.731615
1.265625,8.507011,-1.735364
1.281250,8.479684,-1.738885
1.296875,8.452302,-1.742184
1.312500,8.424867,-1.745266
1.328125,8.397384,-1.748135
1.343750,8.369856,-1.750796
1.359375,8.342287,-1.753253
1.375000,8.314678,-1.755512
1.390625,8.287034,-1.757576
1.406250,8.259357,-1.759450
1.421875,8.231651,-1.761138
1.437500,8.203918,-1.762644
1.453125,8.176162,-1.763972
1.468750,8.148384,-1.765127
1.484375,8.120589,-1.766112
1.500000,8.092778,-1.766931
1.515625,8.064954,-1.767588
1.531250,8.037119,-1.768087
1.546875,8.009277,-1.768430
1.562500,7.981429,-1.768622
1.578125,7.953579,-1.768667
1.593750,7.925728,-1.768567
1.609375,7.897878,-1.768326
1.625000,7.870032,-1.767947
1.640625,7.842192,-1.767434
1.656250,7.814360,-1.766790
1.671875,7.786538,-1.766017
1.687500,7.758729,-1.765119
1.703125,7.730933,-1.764098
1.718750,7.703154,-1.762958
1.734375,7.675392,-1.761702
1.750000,7.647651,-1.760332
1.765625,7.619931,-1.758850
1.781250,7.592234,-1.757261
1.796875,7.564562,-1.755566
1.812500,7.536917,-1.753767
1.828125,7.509300,-1.751869
1.843750,7.481714,-1.749872
1.859375,7.454158,-1.747779
1.875000,7.426636,-1.745593
1.890625,7.399148,-1.743316
1.906250,7.371696,-1.740951
1.921875,7.344281,-1.738499
1.937500,7.316905,-1.735963
1.953125,7.289568,-1.733345
1.968750,7.262273,-1.730647
1.984375,7.235021,-1.727871
2.000000,7.207812,-1.725019
2.015625,7.180648,-1.722093
2.031250,7.153530,-1.719095
2.046875,7.126459,-1.716027
2.062500,7.099437,-1.712892
2.078125,7.072464,-1.709689
2.093750,7.045541,-1.706423
2.109375,7.018670,-1.703093
2.125000,6.991851,-1.699702
2.140625,6.965086,-1.696253
2.156250,6.938375,-1.692745
2.171875,6.911719,-1.689181
2.187500,6.885119,-1.685563
2.203125,6.858577,-1.681892
2.218750,6.832092,-1.678169
2.234375,6.805666,-1.674396
2.250000,6.779299,-1.670575
2.265625,6.752992,-1.666707
2.281250,6.726746,-1.662793
2.296875,6.700562,-1.658835
2.312500,6.674440,-1.654834
2.328125,6.648382,-1.650791
2.343750,6.622387,-1.646708
2.359375,6.596456,-1.642586
2.375000,6.570590,-1.638426
2.390625,6.544789,-1.634230
2.406250,6.519055,-1.629998
2.421875,6.493387,-1.625732
2.437500,6.467787,-1.621432
2.453125,6.442254,-1.617101
2.468750,6.416789,-1.612739
2.484375,6.391394,-1.608347
2.500000,6.366067,-1.603926
2.515625,6.340810,-1.599477
2.531250,6.315623,-1.595002
2.546875,6.290506,-1.590500
2.562500,6.265460,-1.585974
2.578125,6.240486,-1.581424
2.593750,6.215583,-1.576851
2.609375,6.190752,-1.572256
2.625000,6.165994,-1.567640
2.640625,6.141308,-1.563003
2.656250,6.116695,-1.558347
2.671875,6.092156,-1.553673
2.687500,6.067690,-1.548980
2.703125,6.043298,-1.544270
2.718750,6.018980,-1.539545
2.734375,5.994737,-1.534803
2.750000,5.970568,-1.530047
2.765625,5.946475,-1.525277
2.781250,5.922456,-1.520493
2.796875,5.898513,-1.515697
2.812500,5.874645,-1.510889
2.828125,5.850853,-1.506070
2.843750,5.827137,-1.501240
2.859375,5.803497,-1.496400
2.875000,5.779933,-1.491550
2.890625,5.756445,-1.486692
2.906250,5.733034,-1.481826
2.921875,5.709700,-1.476952
2.937500,5.686442,-1.472071
2.953125,5.663261,-1.467183
2.968750,5.640157,-1.462290
2.984375,5.617131,-1.457391
3.000000,5.594181,-1.452488
3.015625,5.571309,-1.447580
3.031250,5.548513,-1.442668
3.046875,5.525796,-1.437753
3.062500,5.503155,-1.432835
3.078125,5.480592,-1.427914
3.093750,5.458107,-1.422992
3.109375,5.435699,-1.418068
3.125000,5.413368,-1.413143
3.140625,5.391116,-1.408217
3.156250,5.368940,-1.403291
3.171875,5.346843,-1.398366
3.187500,5.324822,-1.393440
3.203125,5.302880,-1.388516
3.218750,5.281015,-1.383593
3.234375,5.259227,-1.378672
3.250000,5.237517,-1.373752
3.265625,5.215885,-1.368836
3.281250,5.194329,-1.363922
3.296875,5.172852,-1.359011
3.312500,5.151451,-1.354103
3.328125,5.130128,-1.349199
3.343750,5.108882,-1.344299
3.359375,5.087713,-1.339404
3.375000,5.066622,-1.334513
3.390625,5.045607,-1.329627
3.406250,5.024669,-1.324746
3.421875,5.003808,-1.319871
3.437500,4.983024,-1.315001
3.453125,4.962317,-1.310137
3.468750,4.941686,-1.305280
3.484375,4.921132,-1.300429
3.500000,4.900654,-1.295585
3.515625,4.880252,-1.290748
3.531250,4.859927,-1.285918
3.546875,4.839677,-1.281096
3.562500,4.819504,-1.276281
3.578125,4.799406,-1.271475
3.593750,4.779384,-1.266676
3.609375,4.759438,-1.261885
3.625000,4.739567,-1.257103
3.640625,4.719771,-1.252330
3.656250,4.700050,-1.247566
3.671875,4.680405,-1.242810
3.687500,4.660834,-1.238064
3.703125,4.641338,-1.233328
3.718750,4.621917,-1.228600
3.734375,4.602570,-1.223883
3.750000,4.583298,-1.219175
3.765625,4.564099,-1.214478
3.781250,4.544975,-1.209790
3.796875,4.525924,-1.205113
3.812500,4.506947,-1.200447
3.828125,4.488044,-1.195791
3.843750,4.469213,-1.191145
3.859375,4.450456,-1.186511
3.875000,4.431772,-1.181887
3.890625,4.413161,-1.177275
3.906250,4.394622,-1.172674
3.921875,4.376156,-1.168084
3.937500,4.357762,-1.163506
3.953125,4.339440,-1.158939
3.968750,4.321190,-1.154384
3.984375,4.303012,-1.149841
4.000000,4.284906,-1.145309
4.015625,4.266870,-1.140790
4.031250,4.248906,-1.136282
4.046875,4.231013,-1.131787
4.062500,4.213191,-1.127304
4.078125,4.195439,-1.122833
4.093750,4.177758,-1.118374
4.109375,4.160147,-1.113928
4.125000,4.142606,-1.109495
4.140625,4.125134,-1.105074
4.156250,4.107733,-1.100665
4.171875,4.090400,-1.096270
4.187500,4.073137,-1.091887
4.203125,4.055943,-1.087517
4.218750,4.038818,-1.083160
4.234375,4.021762,-1.078816
4.250000,4.004773,-1.074485
4.265625,3.987853,-1.070167
4.281250,3.971001,-1.065862
4.296875,3.954217,-1.061570
4.312500,3.937501,-1.057291
4.328125,3.920851,-1.053026
4.343750,3.904269,-1.048774
4.359375,3.887754,-1.044535
4.375000,3.871306,-1.040309
4.390625,3.854924,-1.036097
4.406250,3.838608,-1.031899
4.421875,3.822359,-1.027713
4.437500,3.806176,-1.023542
4.453125,3.790058,-1.019383
4.468750,3.774005,-1.015239
4.484375,3.758018,-1.011107
4.500000,3.742096,-1.006990
4.515625,3.726239,-1.002886
4.531250,3.710447,-0.998795
4.546875,3.694719,-0.994719
4.562500,3.679055,-0.990655
4.578125,3.663455,-0.986606
4.593750,3.647919,-0.982570
4.609375,3.632446,-0.978548
4.625000,3.617037,-0.974539
4.640625,3.601691,-0.970545
4.656250,3.586407,-0.966564
4.671875,3.571187,-0.962596
4.687500,3.556029,-0.958642
4.703125,3.540933,-0.954703
4.718750,3.525899,-0.950776
4.734375,3.510927,-0.946864
4.750000,3.496017,-0.942965
4.765625,3.481168,-0.939080
4.781250,3.466380,-0.935209
4.796875,3.451654,-0.931351
4.812500,3.436987,-0.927507
4.828125,3.422382,-0.923677
4.843750,3.407837,-0.919860
4.859375,3.393352,-0.916057
4.875000,3.378926,-0.912268
4.890625,3.364561,-0.908493
4.906250,3.350255,-0.904731
4.921875,3.336008,-0.900983
4.937500,3.321820,-0.897248
4.953125,3.307691,-0.893527
4.968750,3.293621,-0.889820
4.984375,3.279609,-0.886126
5.000000,3.265655,-0.882446
5.015625,3.251759,-0.878779
5.031250,3.237921,-0.875126
5.046875,3.224140,-0.871487
5.062500,3.210417,-0.867861
5.078125,3.196750,-0.864248
5.093750,3.183141,-0.860650
5.109375,3.169588,-0.857064
5.125000,3.156092,-0.853492
5.140625,3.142652,-0.849933
5.156250,3.129268,-0.846388
5.171875,3.115940,-0.842856
5.187500,3.102667,-0.839337
5.203125,3.089450,-0.835832
5.218750,3.076288,-0.832340
5.234375,3.063181,-0.828862
5.250000,3.050129,-0.825396
5.265625,3.037132,-0.821944
5.281250,3.024188,-0.818505
5.296875,3.011299,-0.815079
5.312500,2.998464,-0.811667
5.328125,2.985683,-0.808267
5.343750,2.972955,-0.804881
5.359375,2.960281,-0.801507
5.375000,2.947659,-0.798147
5.390625,2.935091,-0.794799
5.406250,2.922575,-0.791465
5.421875,2.910112,-0.788144
5.437500,2.897701,-0.784835
5.453125,2.885342,-0.781540
5.468750,2.873035,-0.778257
5.484375,2.860780,-0.774987
5.500000,2.848576,-0.771730
5.515625,2.836423,-0.768485
5.531250,2.824322,-0.765254
5.546875,2.812272,-0.762035
5.562500,2.800272,-0.758828
5.578125,2.788322,-0.755635
5.593750,2.776423,-0.752454
5.609375,2.764574,-0.749285
5.625000,2.752775,-0.746129
5.640625,2.741026,-0.742986
5.656250,2.729326,-0.739855
5.671875,2.717676,-0.736736
5.687500,2.706074,-0.733630
5.703125,2.694522,-0.730536
5.718750,2.683018,-0.727455
5.734375,2.671563,-0.724385
5.750000,2.660156,-0.721328
5.765625,2.648797,-0.718284
5.781250,2.637486,-0.715251
5.796875,2.626223,-0.712231
5.812500,2.615007,-0.709222
5.828125,2.603839,-0.706226
5.843750,2.592718,-0.703242
5.859375,2.581644,-0.700270
5.875000,2.570617,-0.697309
5.890625,2.559636,-0.694361
5.906250,2.548702,-0.691425
5.921875,2.537814,-0.688500
5.937500,2.526972,-0.685587
5.953125,2.516176,-0.682686
5.968750,2.505426,-0.679797
5.984375,2.494721,-0.676920
6.000000,2.484062,-0.674054
6.015625,2.473447,-0.671200
6.031250,2.462878,-0.668357
6.046875,2.452353,-0.665526
6.062500,2.441873,-0.662706
6.078125,2.431438,-0.659898
6.093750,2.421046,-0.657102
6.109375,2.410699,-0.654316
6.125000,2.400395,-0.651543
6.140625,2.390135,-0.648780
6.156250,2.379919,-0.646029
6.171875,2.369746,-0.643289
6.187500,2.359616,-0.640560
6.203125,2.349529,-0.637842
6.218750,2.339485,-0.635136
6.234375,2.329483,-0.632441
6.250000,2.319524,-0.629756
6.265625,2.309607,-0.627083
6.281250,2.299733,-0.624421
6.296875,2.289900,-0.621769
6.312500,2.280109,-0.619129
6.328125,2.270359,-0.616499
6.343750,2.260651,-0.613881
6.359375,2.250984,-0.611273
6.375000,2.241359,-0.608675
6.390625,2.231774,-0.606089
6.406250,2.222230,-0.603513
6.421875,2.212726,-0.600948
6.437500,2.203263,-0.598393
6.453125,2.193840,-0.595849
6.468750,2.184457,-0.593316
6.484375,2.175114,-0.590793
6.500000,2.165811,-0.588280
6.515625,2.156547,-0.585778
6.531250,2.147323,-0.583287
6.546875,2.138138,-0.580805
6.562500,2.128992,-0.578334
6.578125,2.119885,-0.575873
6.593750,2.110817,-0.573423
6.609375,2.101787,-0.570982
6.625000,2.092795,-0.568552
6.640625,2.083842,-0.566132
6.656250,2.074928,-0.563722
6.671875,2.066051,-0.561322
6.687500,2.057211,-0.558932
6.703125,2.048410,-0.556551
6.718750,2.039646,-0.554181
6.734375,2.030919,-0.551821
6.750000,2.022230,-0.549471
6.765625,2.013577,-0.547130
6.781250,2.004961,-0.544799
6.796875,1.996382,-0.542478
6.812500,1.987840,-0.540166
6.828125,1.979334,-0.537865
6.843750,1.970864,-0.535573
6.859375,1.962430,-0.533290
6.875000,1.954033,-0.531017
6.890625,1.945671,-0.528754
6.906250,1.937344,-0.526500
6.921875,1.929053,-0.524255
6.937500,1.920798,-0.522020
6.953125,1.912578,-0.519794
6.968750,1.904392,-0.517578
6.984375,1.896242,-0.515370
7.000000,1.888127,-0.513173
7.015625,1.880046,-0.510984
7.031250,1.871999,-0.508804
7.046875,1.863987,-0.506634
7.062500,1.856009,-0.504473
7.078125,1.848065,-0.502321
7.093750,1.840155,-0.500178
7.109375,1.832279,-0.498044
7.125000,1.824436,-0.495919
7.140625,1.816627,-0.493802
7.156250,1.808851,-0.491695
7.171875,1.801108,-0.489597
7.187500,1.793398,-0.487507
7.203125,1.785721,-0.485426
7.218750,1.778077,-0.483355
7.234375,1.770466,-0.481291
7.250000,1.762887,-0.479237
7.265625,1.755340,-0.477191
7.281250,1.747826,-0.475154
7.296875,1.740344,-0.473125
7.312500,1.732893,-0.471105
7.328125,1.725475,-0.469093
7.343750,1.718088,-0.467090
7.359375,1.710733,-0.465096
7.375000,1.703409,-0.463109
7.390625,1.696116,-0.461132
7.406250,1.688855,-0.459162
7.421875,1.681624,-0.457201
7.437500,1.674425,-0.455248
7.453125,1.667256,-0.453303
7.468750,1.660118,-0.451367
7.484375,1.653010,-0.449439
7.500000,1.645933,-0.447519
7.515625,1.638886,-0.445607
7.531250,1.631869,-0.443703
7.546875,1.624881,-0.441807
7.562500,1.617924,-0.439920
7.578125,1.610997,-0.438040
7.593750,1.604099,-0.436168
7.609375,1.597231,-0.434304
7.625000,1.590392,-0.432448
7.640625,1.583582,-0.430600
7.656250,1.576801,-0.428760
7.671875,1.570049,-0.426927
7.687500,1.563327,-0.425103
7.703125,1.556632,-0.423286
7.718750,1.549967,-0.421476
7.734375,1.543330,-0.419675
7.750000,1.536721,-0.417881
7.765625,1.530141,-0.416095
7.781250,1.523589,-0.414316
7.796875,1.517064,-0.412545
7.812500,1.510568,-0.410781
7.828125,1.504099,-0.409025
7.843750,1.497658,-0.407276
7.859375,1.491245,-0.405534
7.875000,1.484859,-0.403801
7.890625,1.478500,-0.402074
7.906250,1.472169,-0.400355
7.921875,1.465865,-0.398643
7.937500,1.459587,-0.396938
7.953125,1.453336,-0.395241
7.968750,1.447113,-0.393550
7.984375,1.440915,-0.391867
8.000000,1.434745,-0.390191
8.015625,1.428600,-0.388523
8.031250,1.422482,-0.386861
8.046875,1.416390,-0.385206
8.062500,1.410324,-0.383559
8.078125,1.404284,-0.381918
8.093750,1.398270,-0.380285
8.109375,1.392282,-0.378658
8.125000,1.386319,-0.377038
8.140625,1.380382,-0.375426
8.156250,1.374470,-0.373820
8.171875,1.368583,-0.372220
8.187500,1.362722,-0.370628
8.203125,1.356886,-0.369043
8.218750,1.351074,-0.367464
8.234375,1.345288,-0.365892
8.250000,1.339526,-0.364326
8.265625,1.333789,-0.362768
8.281250,1.328077,-0.361216
8.296875,1.322389,-0.359670
8.312500,1.316725,-0.358131
8.328125,1.311085,-0.356599
8.343750,1.305470,-0.355073
8.359375,1.299879,-0.353554
8.375000,1.294311,-0.352041
8.390625,1.288767,-0.350535
8.406250,1.283248,-0.349035
8.421875,1.277751,-0.347541
8.437500,1.272279,-0.346054
8.453125,1.266829,-0.344573
8.468750,1.261403,-0.343098
8.484375,1.256000,-0.341630
8.500000,1.250621,-0.340168
8.515625,1.245264,-0.338712
8.531250,1.239930,-0.337263
8.546875,1.234619,-0.335819
8.562500,1.229331,-0.334382
8.578125,1.224066,-0.332951
8.593750,1.218823,-0.331526
8.609375,1.213602,-0.330107
8.625000,1.208404,-0.328694
8.640625,1.203228,-0.327287
8.656250,1.198074,-0.325886
8.671875,1.192942,-0.324492
8.687500,1.187833,-0.323103
8.703125,1.182745,-0.321720
8.718750,1.177679,-0.320343
8.734375,1.172634,-0.318971
8.750000,1.167611,-0.317606
8.765625,1.162610,-0.316246
8.781250,1.157630,-0.314893
8.796875,1.152671,-0.313545
8.812500,1.147734,-0.312203
8.828125,1.142818,-0.310866
8.843750,1.137922,-0.309535
8.859375,1.133048,-0.308210
8.875000,1.128195,-0.306891
8.890625,1.123362,-0.305577
8.906250,1.118550,-0.304269
8.921875,1.113759,-0.302966
8.937500,1.108988,-0.301669
8.953125,1.104238,-0.300378
8.968750,1.099507,-0.299092
8.984375,1.094798,-0.297811
9.000000,1.090108,-0.296536
9.015625,1.085438,-0.295267
9.031250,1.080789,-0.294002
9.046875,1.076159,-0.292744
9.062500,1.071549,-0.291490
9.078125,1.066959,-0.290242
9.093750,1.062389,-0.289000
9.109375,1.057838,-0.287762
9.125000,1.053306,-0.286530
9.140625,1.048794,-0.285303
9.156250,1.044302,-0.284082
9.171875,1.039828,-0.282865
9.187500,1.035374,-0.281654
9.203125,1.030939,-0.280448
9.218750,1.026522,-0.279247
9.234375,1.022125,-0.278052
9.250000,1.017747,-0.276861
9.265625,1.013387,-0.275676
9.281250,1.009046,-0.274495
9.296875,1.004723,-0.273320
9.312500,1.000419,-0.272149
9.328125,0.996134,-0.270984
9.343750,0.991867,-0.269824
9.359375,0.987618,-0.268668
9.375000,0.983387,-0.267518
9.390625,0.979174,-0.266372
9.406250,0.974980,-0.265231
9.421875,0.970803,-0.264096
9.437500,0.966644,-0.262965
9.453125,0.962503,-0.261839
9.468750,0.958380,-0.260717
9.484375,0.954275,-0.259601
9.500000,0.950187,-0.258489
9.515625,0.946116,-0.257382
9.531250,0.942063,-0.256280
9.546875,0.938028,-0.255182
9.562500,0.934009,-0.254090
9.578125,0.930008,-0.253001
9.593750,0.926024,-0.251918
9.609375,0.922057,-0.250839
9.625000,0.918107,-0.249765
9.640625,0.914174,-0.248695
9.656250,0.910258,-0.247630
9.671875,0.906358,-0.246570
9.687500,0.902476,-0.245514
9.703125,0.898610,-0.244462
9.718750,0.894760,-0.243415
9.734375,0.890927,-0.242373
9.750000,0.887110,-0.241335
9.765625,0.883310,-0.240301
9.781250,0.879526,-0.239272
9.796875,0.875758,-0.238247
9.812500,0.872006,-0.237227
9.828125,0.868271,-0.236211
9.843750,0.864551,-0.235199
9.859375,0.860847,-0.234192
9.875000,0.857160,-0.233189
9.890625,0.853488,-0.232190
9.906250,0.849831,-0.231195
9.921875,0.846191,-0.230205
9.937500,0.842566,-0.229219
9.953125,0.838956,-0.228237
9.968750,0.835362,-0.227260
9.984375,0.831783,-0.226286
10.000000,0.828220,-0.225317
10.015625,0.824672,-0.224352
10.031250,0.821139,-0.223391
10.046875,0.817621,-0.222434
10.062500,0.814118,-0.221482
10.078125,0.810631,-0.220533
10.093750,0.807158,-0.219589
10.109375,0.803700,-0.218648
10.125000,0.800257,-0.217711
10.140625,0.796829,-0.216779
10.156250,0.793415,-0.215850
10.171875,0.790016,-0.214926
10.187500,0.786632,-0.214005
10.203125,0.783262,-0.213089
10.218750,0.779906,-0.212176
10.234375,0.776565,-0.211267
10.250000,0.773238,-0.210362
10.265625,0.769926,-0.209461
10.281250,0.766627,-0.208564
10.296875,0.763343,-0.207671
10.312500,0.760073,-0.206781
10.328125,0.756817,-0.205895
10.343750,0.753574,-0.205013
10.359375,0.750346,-0.204135
10.375000,0.747131,-0.203261
10.390625,0.743931,-0.202390
10.406250,0.740744,-0.201523
10.421875,0.737570,-0.200660
10.437500,0.734410,-0.199800
10.453125,0.731264,-0.198945
10.468750,0.728131,-0.198092
10.484375,0.725012,-0.197244
10.500000,0.721906,-0.196399
10.515625,0.718813,-0.195558
10.531250,0.715734,-0.194720
10.546875,0.712668,-0.193886
10.562500,0.709614,-0.193055
10.578125,0.706574,-0.192228
10.593750,0.703547,-0.191405
10.609375,0.700533,-0.190585
10.625000,0.697532,-0.189769
10.640625,0.694544,-0.188956
10.656250,0.691568,-0.188146
10.671875,0.688606,-0.187340
10.687500,0.685655,-0.186538
10.703125,0.682718,-0.185739
10.718750,0.679793,-0.184943
10.734375,0.676881,-0.184151
10.750000,0.673981,-0.183362
10.765625,0.671094,-0.182577
10.781250,0.668219,-0.181795
10.796875,0.665356,-0.181016
10.812500,0.662505,-0.180240
10.828125,0.659667,-0.179468
10.843750,0.656841,-0.178699
10.859375,0.654027,-0.177934
10.875000,0.651225,-0.177172
10.890625,0.648435,-0.176413
10.906250,0.645657,-0.175657
10.921875,0.642891,-0.174905
10.937500,0.640137,-0.174155
10.953125,0.637394,-0.173409
10.968750,0.634664,-0.172666
10.984375,0.631945,-0.171927
11.000000,0.629237,-0.171190
11.015625,0.626542,-0.170457
11.031250,0.623857,-0.169727
11.046875,0.621185,-0.169000
11.062500,0.618524,-0.168276
11.078125,0.615874,-0.167555
11.093750,0.613235,-0.166837
11.109375,0.610608,-0.166122
11.125000,0.607992,-0.165411
11.140625,0.605387,-0.164702
11.156250,0.602794,-0.163997
11.171875,0.600211,-0.163294
11.187500,0.597640,-0.162594
11.203125,0.595079,-0.161898
11.218750,0.592530,-0.161204
11.234375,0.589992,-0.160514
11.250000,0.587464,-0.159826
11.265625,0.584947,-0.159141
11.281250,0.582441,-0.158460
11.296875,0.579946,-0.157781
11.312500,0.577461,-0.157105
11.328125,0.574987,-0.156432
11.343750,0.572524,-0.155762
11.359375,0.570071,-0.155095
11.375000,0.567629,-0.154430
11.390625,0.565197,-0.153769
11.406250,0.562776,-0.153110
11.421875,0.560365,-0.152454
11.437500,0.557964,-0.151801
11.453125,0.555574,-0.151151
11.468750,0.553193,-0.150503
11.484375,0.550823,-0.149858
11.500000,0.548464,-0.149216
11.515625,0.546114,-0.148577
11.531250,0.543774,-0.147941
11.546875,0.541445,-0.147307
11.562500,0.539125,-0.146676
11.578125,0.536815,-0.146047
11.593750,0.534515,-0.145422
11.609375,0.532225,-0.144799
11.625000,0.529945,-0.144178
11.640625,0.527675,-0.143561
11.656250,0.525414,-0.142946
11.671875,0.523163,-0.142333
11.687500,0.520922,-0.141724
11.703125,0.518690,-0.141116
11.718750,0.516468,-0.140512
11.734375,0.514255,-0.139910
11.750000,0.512052,-0.139311
11.765625,0.509858,-0.138714
11.781250,0.507674,-0.138119
11.796875,0.505499,-0.137528
11.812500,0.503333,-0.136939
11.828125,0.501177,-0.136352
11.843750,0.499030,-0.135768
11.859375,0.496892,-0.135186
11.875000,0.494763,-0.134607
11.890625,0.492644,-0.134030
11.906250,0.490533,-0.133456
11.921875,0.488431,-0.132884
11.937500,0.486339,-0.132315
11.953125,0.484255,-0.131748
11.968750,0.482181,-0.131184
11.984375,0.480115,-0.130622
12.000000,0.478058,-0.130062
12.015625,0.476010,-0.129505
12.031250,0.473971,-0.128950
12.046875,0.471940,-0.128398
12.062500,0.469918,-0.127848
12.078125,0.467905,-0.127300
12.093750,0.465900,-0.126755
12.109375,0.463904,-0.126212
12.125000,0.461917,-0.125671
12.140625,0.459938,-0.125133
12.156250,0.457967,-0.124596
12.171875,0.456005,-0.124063
12.187500,0.454052,-0.123531
12.203125,0.452106,-0.123002
12.218750,0.450170,-0.122475
12.234375,0.448241,-0.121950
12.250000,0.446321,-0.121428
12.265625,0.444408,-0.120908
12.281250,0.442504,-0.120390
12.296875,0.440609,-0.119874
12.312500,0.438721,-0.119360
12.328125,0.436841,-0.118849
12.343750,0.434970,-0.118340
12.359375,0.433106,-0.117833
12.375000,0.431251,-0.117328
12.390625,0.429403,-0.116825
12.406250,0.427564,-0.116325
12.421875,0.425732,-0.115827
12.437500,0.423908,-0.115330
12.453125,0.422092,-0.114836
12.468750,0.420283,-0.114344
12.484375,0.418483,-0.113854
12.500000,0.416690,-0.113367
12.515625,0.414905,-0.112881
12.531250,0.413127,-0.112397
12.546875,0.411357,-0.111916
12.562500,0.409595,-0.111436
12.578125,0.407840,-0.110959
12.593750,0.406093,-0.110484
12.609375,0.404353,-0.110010
12.625000,0.402621,-0.109539
12.640625,0.400896,-0.109070
12.656250,0.399178,-0.108602
12.671875,0.397468,-0.108137
12.687500,0.395765,-0.107674
12.703125,0.394070,-0.107213
12.718750,0.392382,-0.106753
12.734375,0.390700,-0.106296
12.750000,0.389027,-0.105841
12.765625,0.387360,-0.105387
12.781250,0.385700,-0.104936
12.796875,0.384048,-0.104486
12.812500,0.382403,-0.104038
12.828125,0.380764,-0.103593
12.843750,0.379133,-0.103149
12.859375,0.377509,-0.102707
12.875000,0.375891,-0.102267
12.890625,0.374281,-0.101829
12.906250,0.372678,-0.101393
12.921875,0.371081,-0.100958
12.937500,0.369491,-0.100526
12.953125,0.367908,-0.100095
12.968750,0.366332,-0.099666
12.984375,0.364762,-0.099239
13.000000,0.363200,-0.098814
13.015625,0.361644,-0.098391
13.031250,0.360094,-0.097969
13.046875,0.358552,-0.097549
13.062500,0.357015,-0.097132
13.078125,0.355486,-0.096715
13.093750,0.353963,-0.096301
13.109375,0.352446,-0.095888
13.125000,0.350937,-0.095478
13.140625,0.349433,-0.095069
13.156250,0.347936,-0.094661
13.171875,0.346445,-0.094256
13.187500,0.344961,-0.093852
13.203125,0.343483,-0.093450
13.218750,0.342012,-0.093050
13.234375,0.340546,-0.092651
13.250000,0.339087,-0.092254
13.265625,0.337635,-0.091859
13.281250,0.336188,-0.091465
13.296875,0.334748,-0.091073
13.312500,0.333314,-0.090683
13.328125,0.331886,-0.090295
13.343750,0.330464,-0.089908
13.359375,0.329048,-0.089523
13.375000,0.327638,-0.089139
13.390625,0.326235,-0.088757
13.406250,0.324837,-0.088377
13.421875,0.323445,-0.087998
13.437500,0.322060,-0.087621
13.453125,0.320680,-0.087246
13.468750,0.319306,-0.086872
13.484375,0.317938,-0.086500
13.500000,0.316576,-0.086129
13.515625,0.315220,-0.085760
13.531250,0.313869,-0.085393
13.546875,0.312524,-0.085027
13.562500,0.311185,-0.084663
13.578125,0.309852,-0.084300
13.593750,0.308525,-0.083939
13.609375,0.307203,-0.083579
13.625000,0.305887,-0.083221
13.640625,0.304576,-0.082865
13.656250,0.303272,-0.082510
13.671875,0.301972,-0.082156
13.687500,0.300678,-0.081804
13.703125,0.299390,-0.081454
13.718750,0.298108,-0.081105
13.734375,0.296830,-0.080757
13.750000,0.295559,-0.080411
13.765625,0.294293,-0.080067
13.781250,0.293032,-0.079724
13.796875,0.291776,-0.079382
13.812500,0.290526,-0.079042
13.828125,0.289282,-0.078704
13.843750,0.288042,-0.078366
13.859375,0.286808,-0.078031
13.875000,0.285579,-0.077696
13.890625,0.284356,-0.077364
13.906250,0.283138,-0.077032
13.921875,0.281925,-0.076702
13.937500,0.280717,-0.076373
13.953125,0.279514,-0.076046
13.968750,0.278317,-0.075720
13.984375,0.277124,-0.075396
14.000000,0.275937,-0.075073
14.015625,0.274755,-0.074751
14.031250,0.273578,-0.074431
14.046875,0.272406,-0.074112
14.062500,0.271239,-0.073795
14.078125,0.270077,-0.073479
14.093750,0.268919,-0.073164
14.109375,0.267767,-0.072850
14.125000,0.266620,-0.072538
14.140625,0.265478,-0.072227
14.156250,0.264341,-0.071918
14.171875,0.263208,-0.071610
14.187500,0.262080,-0.071303
14.203125,0.260958,-0.070998
14.218750,0.259840,-0.070693
14.234375,0.258726,-0.070391
14.250000,0.257618,-0.070089
14.265625,0.256514,-0.069789
14.281250,0.255415,-0.069490
14.296875,0.254321,-0.069192
14.312500,0.253231,-0.068896
14.328125,0.252147,-0.068600
14.343750,0.251066,-0.068307
14.359375,0.249991,-0.068014
14.375000,0.248920,-0.067723
14.390625,0.247853,-0.067432
14.406250,0.246791,-0.067144
14.421875,0.245734,-0.066856
14.437500,0.244681,-0.066569
14.453125,0.243633,-0.066284
14.468750,0.242589,-0.066000
14.484375,0.241550,-0.065717
14.500000,0.240515,-0.065436
14.515625,0.239485,-0.065156
14.531250,0.238459,-0.064876
14.546875,0.237437,-0.064599
14.562500,0.236420,-0.064322
14.578125,0.235407,-0.064046
14.593750,0.234398,-0.063772
14.609375,0.233394,-0.063499
14.625000,0.232394,-0.063227
14.640625,0.231399,-0.062956
14.656250,0.230407,-0.062686
14.671875,0.229420,-0.062417
14.687500,0.228437,-0.062150
14.703125,0.227458,-0.061884
14.718750,0.226484,-0.061619
14.734375,0.225514,-0.061355
14.750000,0.224548,-0.061092
14.765625,0.223586,-0.060830
14.781250,0.222628,-0.060569
14.796875,0.221674,-0.060310
14.812500,0.220724,-0.060052
14.828125,0.219778,-0.059794
14.843750,0.218837,-0.059538
14.859375,0.217899,-0.059283
14.875000,0.216966,-0.059029
14.890625,0.216036,-0.058776
14.906250,0.215111,-0.058524
14.921875,0.214189,-0.058274
14.937500,0.213272,-0.058024
14.953125,0.212358,-0.057775
14.968750,0.211448,-0.057528
14.984375,0.210542,-0.057281
15.000000,0.209640,-0.057036
15.015625,0.208742,-0.056792
15.031250,0.207848,-0.056548
15.046875,0.206957,-0.056306
15.062500,0.206071,-0.056065
15.078125,0.205188,-0.055825
15.093750,0.204309,-0.055585
15.109375,0.203433,-0.055347
15.125000,0.202562,-0.055110
15.140625,0.201694,-0.054874
15.156250,0.200830,-0.054639
15.171875,0.199969,-0.054405
15.187500,0.199113,-0.054172
15.203125,0.198260,-0.053940
15.218750,0.197410,-0.053709
15.234375,0.196564,-0.053479
15.250000,0.195722,-0.053249
15.265625,0.194884,-0.053021
15.281250,0.194049,-0.052794
15.296875,0.193218,-0.052568
15.312500,0.192390,-0.052343
15.328125,0.191566,-0.052118
15.343750,0.190745,-0.051895
15.359375,0.189928,-0.051673
15.375000,0.189114,-0.051451
15.390625,0.188304,-0.051231
15.406250,0.187497,-0.051012
15.421875,0.186694,-0.050793
15.437500,0.185894,-0.050575
15.453125,0.185097,-0.050359
15.468750,0.184304,-0.050143
15.484375,0.183515,-0.049928
15.500000,0.182729,-0.049714
15.515625,0.181946,-0.049501
15.531250,0.181166,-0.049289
15.546875,0.180390,-0.049078
15.562500,0.179617,-0.048868
15.578125,0.178848,-0.048658
15.593750,0.178081,-0.048450
15.609375,0.177319,-0.048242
15.625000,0.176559,-0.048036
15.640625,0.175802,-0.047830
15.656250,0.175049,-0.047625
15.671875,0.174299,-0.047421
15.687500,0.173553,-0.047218
15.703125,0.172809,-0.047015
15.718750,0.172069,-0.046814
15.734375,0.171331,-0.046613
15.750000,0.170597,-0.046414
15.765625,0.169867,-0.046215
15.781250,0.169139,-0.046017
15.796875,0.168414,-0.045820
15.812500,0.167693,-0.045623
15.828125,0.166974,-0.045428
15.843750,0.166259,-0.045233
15.859375,0.165547,-0.045040
15.875000,0.164837,-0.044847
15.890625,0.164131,-0.044655
15.906250,0.163428,-0.044463
15.921875,0.162728,-0.044273
15.937500,0.162031,-0.044083
15.953125,0.161336,-0.043894
15.968750,0.160645,-0.043706
15.984375,0.159957,-0.043519
16.000000,0.159272,-0.043332
16.015625,0.158589,-0.043147
16.031250,0.157910,-0.042962
16.046875,0.157233,-0.042778
16.062500,0.156560,-0.042595
16.078125,0.155889,-0.042412
16.093750,0.155221,-0.042230
16.109375,0.154556,-0.042049
16.125000,0.153894,-0.041869
16.140625,0.153235,-0.041690
16.156250,0.152578,-0.041511
16.171875,0.151924,-0.041334
16.187500,0.151274,-0.041156
16.203125,0.150626,-0.040980
16.218750,0.149980,-0.040805
16.234375,0.149338,-0.040630
16.250000,0.148698,-0.040456
16.265625,0.148061,-0.040282
16.281250,0.147426,-0.040110
16.296875,0.146795,-0.039938
16.312500,0.146166,-0.039767
16.328125,0.145540,-0.039596
16.343750,0.144916,-0.039427
16.359375,0.144295,-0.039258
16.375000,0.143677,-0.039090
16.390625,0.143062,-0.038922
16.406250,0.142449,-0.038755
16.421875,0.141838,-0.038589
16.437500,0.141231,-0.038424
16.453125,0.140626,-0.038259
16.468750,0.140023,-0.038096
16.484375,0.139423,-0.037932
16.500000,0.138826,-0.037770
16.515625,0.138231,-0.037608
16.531250,0.137639,-0.037447
16.546875,0.137049,-0.037286
16.562500,0.136462,-0.037127
16.578125,0.135878,-0.036968
16.593750,0.135295,-0.036809
16.609375,0.134716,-0.036652
16.625000,0.134139,-0.036495
16.640625,0.133564,-0.036338
16.656250,0.132992,-0.036183
16.671875,0.132422,-0.036028
16.687500,0.131855,-0.035873
16.703125,0.131290,-0.035719
16.718750,0.130727,-0.035566
16.734375,0.130167,-0.035414
16.750000,0.129609,-0.035262
16.765625,0.129054,-0.035111
16.781250,0.128501,-0.034961
16.796875,0.127951,-0.034811
16.812500,0.127403,-0.034662
16.828125,0.126857,-0.034513
16.843750,0.126313,-0.034366
16.859375,0.125772,-0.034218
16.875000,0.125233,-0.034072
16.890625,0.124697,-0.033926
16.906250,0.124163,-0.033780
16.921875,0.123631,-0.033636
16.937500,0.123101,-0.033492
16.953125,0.122574,-0.033348
16.968750,0.122048,-0.033205
16.984375,0.121526,-0.033063
17.000000,0.121005,-0.032921
17.015625,0.120486,-0.032780
17.031250,0.119970,-0.032640
17.046875,0.119456,-0.032500
17.062500,0.118945,-0.032361
17.078125,0.118435,-0.032222
17.093750,0.117928,-0.032084
17.109375,0.117422,-0.031947
17.125000,0.116919,-0.031810
17.140625,0.116418,-0.031673
17.156250,0.115920,-0.031538
17.171875,0.115423,-0.031403
17.187500,0.114928,-0.031268
17.203125,0.114436,-0.031134
17.218750,0.113946,-0.031001
17.234375,0.113458,-0.030868
17.250000,0.112972,-0.030736
17.265625,0.112488,-0.030604
17.281250,0.112006,-0.030473
17.296875,0.111526,-0.030342
17.312500,0.111048,-0.030212
17.328125,0.110572,-0.030083
17.343750,0.110098,-0.029954
17.359375,0.109627,-0.029826
17.375000,0.109157,-0.029698
17.390625,0.108689,-0.029571
17.406250,0.108224,-0.029444
17.421875,0.107760,-0.029318
17.437500,0.107298,-0.029192
17.453125,0.106839,-0.029067
17.468750,0.106381,-0.028943
17.484375,0.105925,-0.028819
17.500000,0.105471,-0.028695
17.515625,0.105020,-0.028572
17.531250,0.104570,-0.028450
17.546875,0.104122,-0.028328
17.562500,0.103676,-0.028207
17.578125,0.103231,-0.028086
17.593750,0.102789,-0.027965
17.609375,0.102349,-0.027846
17.625000,0.101910,-0.027726
17.640625,0.101474,-0.027608
17.656250,0.101039,-0.027489
17.671875,0.100606,-0.027372
17.687500,0.100175,-0.027254
17.703125,0.099746,-0.027137
17.718750,0.099319,-0.027021
17.734375,0.098893,-0.026905
17.750000,0.098469,-0.026790
17.765625,0.098047,-0.026675
17.781250,0.097627,-0.026561
17.796875,0.097209,-0.026447
17.812500,0.096793,-0.026334
17.828125,0.096378,-0.026221
17.843750,0.095965,-0.026109
17.859375,0.095554,-0.025997
17.875000,0.095145,-0.025886
17.890625,0.094737,-0.025775
17.906250,0.094331,-0.025664
17.921875,0.093927,-0.025554
17.937500,0.093525,-0.025445
17.953125,0.093124,-0.025336
17.968750,0.092725,-0.025227
17.984375,0.092328,-0.025119
18.000000,0.091932,-0.025012
18.015625,0.091538,-0.024904
18.031250,0.091146,-0.024798
18.046875,0.090756,-0.024692
18.062500,0.090367,-0.024586
18.078125,0.089980,-0.024480
18.093750,0.089594,-0.024376
18.109375,0.089210,-0.024271
18.125000,0.088828,-0.024167
18.140625,0.088447,-0.024064
18.156250,0.088069,-0.023960
18.171875,0.087691,-0.023858
18.187500,0.087316,-0.023756
18.203125,0.086941,-0.023654
18.218750,0.086569,-0.023552
18.234375,0.086198,-0.023452
18.250000,0.085829,-0.023351
18.265625,0.085461,-0.023251
18.281250,0.085095,-0.023151
18.296875,0.084730,-0.023052
18.312500,0.084367,-0.022954
18.328125,0.084006,-0.022855
18.343750,0.083646,-0.022757
18.359375,0.083288,-0.022660
18.375000,0.082931,-0.022563
18.390625,0.082576,-0.022466
18.406250,0.082222,-0.022370
18.421875,0.081870,-0.022274
18.437500,0.081519,-0.022179
18.453125,0.081170,-0.022083
18.468750,0.080822,-0.021989
18.484375,0.080476,-0.021895
18.500000,0.080131,-0.021801
18.515625,0.079787,-0.021707
18.531250,0.079446,-0.021614
18.546875,0.079105,-0.021522
18.562500,0.078766,-0.021430
18.578125,0.078429,-0.021338
18.593750,0.078093,-0.021246
18.609375,0.077758,-0.021155
18.625000,0.077425,-0.021065
18.640625,0.077093,-0.020975
18.656250,0.076763,-0.020885
18.671875,0.076434,-0.020795
18.687500,0.076107,-0.020706
18.703125,0.075781,-0.020617
18.718750,0.075456,-0.020529
18.734375,0.075133,-0.020441
18.750000,0.074811,-0.020354
18.765625,0.074490,-0.020266
18.781250,0.074171,-0.020180
18.796875,0.073854,-0.020093
18.812500,0.073537,-0.020007
18.828125,0.073222,-0.019921
18.843750,0.072908,-0.019836
18.859375,0.072596,-0.019751
18.875000,0.072285,-0.019666
18.890625,0.071975,-0.019582
18.906250,0.071667,-0.019498
18.921875,0.071360,-0.019415
18.937500,0.071054,-0.019331
18.953125,0.070750,-0.019249
18.968750,0.070447,-0.019166
18.984375,0.070145,-0.019084
19.000000,0.069844,-0.019002
19.015625,0.069545,-0.018921
19.031250,0.069247,-0.018840
19.046875,0.068951,-0.018759
19.062500,0.068655,-0.018679
19.078125,0.068361,-0.018599
19.093750,0.068068,-0.018519
19.109375,0.067776,-0.018440
19.125000,0.067486,-0.018361
19.140625,0.067197,-0.018282
19.156250,0.066909,-0.018204
19.171875,0.066622,-0.018126
19.187500,0.066337,-0.018048
19.203125,0.066053,-0.017971
19.218750,0.065770,-0.017894
19.234375,0.065488,-0.017817
19.250000,0.065207,-0.017741
19.265625,0.064928,-0.017665
19.281250,0.064650,-0.017589
19.296875,0.064373,-0.017514
19.312500,0.064097,-0.017439
19.328125,0.063823,-0.017364
19.343750,0.063549,-0.017290
19.359375,0.063277,-0.017216
19.375000,0.063006,-0.017142
19.390625,0.062736,-0.017068
19.406250,0.062467,-0.016995
19.421875,0.062199,-0.016922
19.437500,0.061933,-0.016850
19.453125,0.061668,-0.016778
19.468750,0.061403,-0.016706
19.484375,0.061140,-0.016634
19.500000,0.060878,-0.016563
19.515625,0.060618,-0.016492
19.531250,0.060358,-0.016421
19.546875,0.060099,-0.016351
19.562500,0.059842,-0.016281
19.578125,0.059585,-0.016211
19.593750,0.059330,-0.016142
19.609375,0.059076,-0.016073
19.625000,0.058823,-0.016004
19.640625,0.058571,-0.015935
19.656250,0.058320,-0.015867
19.671875,0.058070,-0.015799
19.687500,0.057821,-0.015731
19.703125,0.057574,-0.015664
19.718750,0.057327,-0.015597
19.734375,0.057081,-0.015530
19.750000,0.056837,-0.015463
19.765625,0.056593,-0.015397
19.781250,0.056351,-0.015331
19.796875,0.056109,-0.015265
19.812500,0.055869,-0.015200
19.828125,0.055630,-0.015135
19.843750,0.055391,-0.015070
19.859375,0.055154,-0.015006
19.875000,0.054918,-0.014941
19.890625,0.054682,-0.014877
19.906250,0.054448,-0.014814
19.921875,0.054215,-0.014750
19.937500,0.053983,-0.014687
19.953125,0.053751,-0.014624
19.968750,0.053521,-0.014561
19.984375,0.053292,-0.014499
20.000000,0.053063,-0.014437
20.015625,0.052836,-0.014375
20.031250,0.052610,-0.014313
20.046875,0.052384,-0.014252
20.062500,0.052160,-0.014191
20.078125,0.051936,-0.014130
20.093750,0.051714,-0.014070
20.109375,0.051492,-0.014009
20.125000,0.051272,-0.013949
20.140625,0.051052,-0.013890
20.156250,0.050833,-0.013830
20.171875,0.050616,-0.013771
20.187500,0.050399,-0.013712
20.203125,0.050183,-0.013653
20.218750,0.049968,-0.013595
20.234375,0.049754,-0.013536
20.250000,0.049541,-0.013478
20.265625,0.049328,-0.013421
20.281250,0.049117,-0.013363
20.296875,0.048907,-0.013306
20.312500,0.048697,-0.013249
20.328125,0.048488,-0.013192
20.343750,0.048281,-0.013136
20.359375,0.048074,-0.013079
20.375000,0.047868,-0.013023
20.390625,0.047663,-0.012967
20.406250,0.047459,-0.012912
20.421875,0.047255,-0.012857
20.437500,0.047053,-0.012801
20.453125,0.046851,-0.012747
20.468750,0.046651,-0.012692
20.484375,0.046451,-0.012638
20.500000,0.046252,-0.012584
20.515625,0.046054,-0.012530
20.531250,0.045856,-0.012476
20.546875,0.045660,-0.012422
20.562500,0.045464,-0.012369
20.578125,0.045269,-0.012316
20.593750,0.045075,-0.012264
20.609375,0.044882,-0.012211
20.625000,0.044690,-0.012159
20.640625,0.044499,-0.012107
20.656250,0.044308,-0.012055
20.671875,0.044118,-0.012003
20.687500,0.043929,-0.011952
20.703125,0.043741,-0.011900
20.718750,0.043553,-0.011849
20.734375,0.043367,-0.011799
20.750000,0.043181,-0.011748
20.765625,0.042996,-0.011698
20.781250,0.042812,-0.011648
20.796875,0.042628,-0.011598
20.812500,0.042446,-0.011548
20.828125,0.042264,-0.011499
20.843750,0.042083,-0.011449
20.859375,0.041903,-0.011400
20.875000,0.041723,-0.011351
20.890625,0.041544,-0.011303
20.906250,0.041366,-0.011254
20.921875,0.041189,-0.011206
20.937500,0.041013,-0.011158
20.953125,0.040837,-0.011110
20.968750,0.040662,-0.011063
20.984375,0.040488,-0.011015
21.000000,0.040314,-0.010968
21.015625,0.040142,-0.010921
21.031250,0.039970,-0.010874
21.046875,0.039798,-0.010828
21.062500,0.039628,-0.010781
21.078125,0.039458,-0.010735
21.093750,0.039289,-0.010689
21.109375,0.039121,-0.010643
21.125000,0.038953,-0.010598
21.140625,0.038786,-0.010552
21.156250,0.038620,-0.010507
21.171875,0.038455,-0.010462
21.187500,0.038290,-0.010417
21.203125,0.038126,-0.010373
21.218750,0.037963,-0.010328
21.234375,0.037800,-0.010284
21.250000,0.037638,-0.010240
21.265625,0.037477,-0.010196
21.281250,0.037316,-0.010152
21.296875,0.037156,-0.010109
21.312500,0.036997,-0.010066
21.328125,0.036839,-0.010023
21.343750,0.036681,-0.009980
21.359375,0.036524,-0.009937
21.375000,0.036367,-0.009894
21.390625,0.036211,-0.009852
21.406250,0.036056,-0.009810
21.421875,0.035902,-0.009768
21.437500,0.035748,-0.009726
21.453125,0.035595,-0.009684
21.468750,0.035442,-0.009643
21.484375,0.035290,-0.009601
21.500000,0.035139,-0.009560
21.515625,0.034989,-0.009519
21.531250,0.034839,-0.009478
21.546875,0.034690,-0.009438
21.562500,0.034541,-0.009397
21.578125,0.034393,-0.009357
21.593750,0.034246,-0.009317
21.609375,0.034099,-0.009277
21.625000,0.033953,-0.009237
21.640625,0.033807,-0.009198
21.656250,0.033662,-0.009158
21.671875,0.033518,-0.009119
21.687500,0.033375,-0.009080
21.703125,0.033232,-0.009041
21.718750,0.033089,-0.009002
21.734375,0.032948,-0.008964
21.750000,0.032806,-0.008926
21.765625,0.032666,-0.008887
21.781250,0.032526,-0.008849
21.796875,0.032387,-0.008811
21.812500,0.032248,-0.008774
21.828125,0.032110,-0.008736
21.843750,0.031972,-0.008699
21.859375,0.031835,-0.008661
21.875000,0.031699,-0.008624
21.890625,0.031563,-0.008587
21.906250,0.031428,-0.008550
21.921875,0.031293,-0.008514
21.937500,0.031159,-0.008477
21.953125,0.031025,-0.008441
21.968750,0.030893,-0.008405
21.984375,0.030760,-0.008369
22.000000,0.030628,-0.008333
22.015625,0.030497,-0.008297
22.031250,0.030367,-0.008262
22.046875,0.030236,-0.008226
22.062500,0.030107,-0.008191
22.078125,0.029978,-0.008156
22.093750,0.029849,-0.008121
22.109375,0.029722,-0.008086
22.125000,0.029594,-0.008052
22.140625,0.029467,-0.008017
22.156250,0.029341,-0.007983
22.171875,0.029215,-0.007949
22.187500,0.029090,-0.007914
22.203125,0.028966,-0.007881
22.218750,0.028842,-0.007847
22.234375,0.028718,-0.007813
22.250000,0.028595,-0.007780
22.265625,0.028472,-0.007746
22.281250,0.028351,-0.007713
22.296875,0.028229,-0.007680
22.312500,0.028108,-0.007647
22.328125,0.027988,-0.007615
22.343750,0.027868,-0.007582
22.359375,0.027748,-0.007549
22.375000,0.027630,-0.007517
22.390625,0.027511,-0.007485
22.406250,0.027393,-0.007453
22.421875,0.027276,-0.007421
22.437500,0.027159,-0.007389
22.453125,0.027043,-0.007357
22.468750,0.026927,-0.007326
22.484375,0.026811,-0.007294
22.500000,0.026697,-0.007263
22.515625,0.026582,-0.007232
22.531250,0.026468,-0.007201
22.546875,0.026355,-0.007170
22.562500,0.026242,-0.007140
22.578125,0.026130,-0.007109
22.593750,0.026018,-0.007079
22.609375,0.025906,-0.007048
22.625000,0.025795,-0.007018
22.640625,0.025685,-0.006988
22.656250,0.025575,-0.006958
22.671875,0.025465,-0.006928
22.687500,0.025356,-0.006899
22.703125,0.025247,-0.006869
22.718750,0.025139,-0.006840
22.734375,0.025032,-0.006810
22.750000,0.024924,-0.006781
22.765625,0.024817,-0.006752
22.781250,0.024711,-0.006723
22.796875,0.024605,-0.006694
22.812500,0.024500,-0.006666
22.828125,0.024395,-0.006637
22.843750,0.024290,-0.006609
22.859375,0.024186,-0.006580
22.875000,0.024083,-0.006552
22.890625,0.023980,-0.006524
22.906250,0.023877,-0.006496
22.921875,0.023775,-0.006468
22.937500,0.023673,-0.006441
22.953125,0.023571,-0.006413
22.968750,0.023470,-0.006385
22.984375,0.023370,-0.006358
23.000000,0.023270,-0.006331
23.015625,0.023170,-0.006304
23.031250,0.023071,-0.006277
23.046875,0.022972,-0.006250
23.062500,0.022873,-0.006223
23.078125,0.022775,-0.006196
23.093750,0.022678,-0.006170
23.109375,0.022581,-0.006143
23.125000,0.022484,-0.006117
23.140625,0.022388,-0.006091
23.156250,0.022292,-0.006065
23.171875,0.022196,-0.006039
23.187500,0.022101,-0.006013
23.203125,0.022006,-0.005987
23.218750,0.021912,-0.005962
23.234375,0.021818,-0.005936
23.250000,0.021725,-0.005911
23.265625,0.021632,-0.005885
23.281250,0.021539,-0.005860
23.296875,0.021447,-0.005835
23.312500,0.021355,-0.005810
23.328125,0.021263,-0.005785
23.343750,0.021172,-0.005760
23.359375,0.021082,-0.005736
23.375000,0.020991,-0.005711
23.390625,0.020901,-0.005687
23.406250,0.020812,-0.005662
23.421875,0.020723,-0.005638
